0.043122438,0.1383835,0.053964013,0.16639431,0
0.039367392,0.093668481,0.05080727,0.099788261,0
0.043144265,0.061953853,0.048690452,0.051426363,0
0.041690823,0.060095673,0.056010426,0.062046976,0
0.046930875,0.062571628,0.043167999,0.045604797,0
0.044127497,0.064505162,0.047661687,0.050262118,0
0.048913807,0.185611711,0.053146304,0.110928391,0
0.063445196,0.395734674,0.081807129,0.24561675,0
0.06559676,0.376702269,0.074580394,0.277690745,0
0.037905478,0.312029947,0.072699807,0.309115835,0
0.04800726,0.266395234,0.06401901,0.28878306,0
0.061994773,0.206686105,0.052495326,0.231067525,0
0.039249524,0.124991243,0.060150452,0.180651105,0
0.048471894,0.103995538,0.054148782,0.103458312,0
0.049426323,0.074589593,0.0520346,0.057358603,0
0.045424377,0.063915527,0.049451362,0.044684179,0
0.042928143,0.059790049,0.04816604,0.036668932,0
0.041980388,0.062291068,0.055113292,0.042855741,0
0.045387538,0.065600196,0.042013558,0.043935777,0
0.041170991,0.079973125,0.043840277,0.075974074,0
0.048768818,0.204305451,0.061225713,0.160511668,0
0.04961479,0.269393829,0.061634416,0.226396027,0
0.068701645,0.241757033,0.052554438,0.223436069,0
0.044856105,0.244480875,0.059726935,0.234211574,0
0.055866216,0.276288716,0.061780165,0.229948398,0
0.047037849,0.219215373,0.054924938,0.199932793,0
0.047024894,0.171971343,0.051934415,0.178137562,0
0.04628524,0.10886406,0.047342213,0.123173192,0
0.039062568,0.092754326,0.044423568,0.095133009,0
0.039977607,0.108025277,0.051141919,0.144448884,0
0.045980481,0.097450436,0.051060139,0.126436816,0
0.073393718,0.11203087,0.048491502,0.126011081,0
0.074333803,0.108369109,0.044687066,0.130325663,0
0.052215211,0.093070533,0.040490621,0.074828387,0
0.041520392,0.070872539,0.03988848,0.043822577,0
0.038524062,0.062191947,0.044089521,0.039009315,0
0.041902929,0.060170201,0.042178993,0.038048481,0
0.042048489,0.061279604,0.039619631,0.037688524,0
0.040423945,0.060314367,0.042672725,0.037934699,0
0.042112034,0.059365332,0.042251605,0.035882392,0
0.041652015,0.059412301,0.041277444,0.034584466,0
0.041698715,0.058737378,0.042644989,0.036394467,0
0.044041828,0.060046362,0.040644346,0.03493787,0
0.042588909,0.057943283,0.042473118,0.033907621,0
0.04014789,0.056037323,0.04715213,0.035801226,0
0.042029275,0.058437358,0.041340547,0.034361597,0
0.04184865,0.057871042,0.042582775,0.034858825,0
0.041763312,0.057902522,0.041398092,0.034238895,0
0.041635837,0.058284286,0.041197463,0.034885104,0
0.04519998,0.060151502,0.038144486,0.03276453,0
0.042837382,0.057207279,0.042835051,0.035435297,0
0.043613467,0.057120224,0.049644998,0.036695278,0
0.045570935,0.065887154,0.039829334,0.048209616,0
0.034941823,0.058956594,0.042341132,0.05463411,0
0.049555786,0.064597615,0.055216147,0.041389466,0
0.065060965,0.06339809,0.046724648,0.036912733,0
0.083997962,0.06283031,0.053961855,0.034329586,0
0.018118802,0.052162247,0.102458094,0.048958644,0
0.073023039,0.07683921,0.037707949,0.040822713,0
0.04621858,0.068859284,0.060343495,0.037421282,0
0.037805446,0.056901506,0.048590718,0.036720242,0
0.039678932,0.056709843,0.045815065,0.035192333,0
0.042581371,0.057831769,0.040964529,0.035151804,0
0.040981835,0.056486981,0.041470058,0.034189198,0
0.039954982,0.0578515,0.041480912,0.034483491,0
0.04229835,0.058200368,0.041233526,0.033727575,0
0.044052262,0.058203148,0.041482724,0.035124595,0
0.041506661,0.057426834,0.039737722,0.033659937,0
0.042057789,0.057435218,0.040278123,0.033709008,0
0.043051695,0.058301505,0.041205379,0.034248214,0
0.042344351,0.057712046,0.03990004,0.033694484,0
0.045455635,0.059424478,0.039567373,0.033049309,0
0.039425289,0.055552146,0.043648778,0.036689114,0
0.040745731,0.057444073,0.042035414,0.035232049,0
0.041072207,0.057199441,0.0415426,0.034747951,0
0.041744178,0.056712665,0.041754119,0.034265328,0
0.044360367,0.059330447,0.039072934,0.033157819,0
0.041507534,0.057748328,0.039539375,0.034761531,0
0.03798418,0.055931138,0.0433044,0.036471769,0
0.042830416,0.058313163,0.04194526,0.035025598,0
0.039847819,0.054804521,0.042899961,0.036182726,0
0.039101151,0.054506337,0.042983487,0.036092216,0
0.041561074,0.057518579,0.040778519,0.034698295,0
0.040313287,0.056058029,0.04118304,0.034540576,0
0.041349643,0.059437483,0.039890878,0.034403097,0
0.043313614,0.059639265,0.039683924,0.0335042,0
0.041266555,0.056352992,0.042506511,0.035105186,0
0.039848854,0.055741248,0.042999069,0.035897617,0
0.040840837,0.057436018,0.040397232,0.034661588,0
0.037341212,0.056019608,0.040906332,0.034866697,0
0.04242763,0.058406829,0.04027521,0.03399747,0
0.046162051,0.060612959,0.038834384,0.0328756,0
0.041884103,0.057023659,0.041857164,0.034722547,0
0.040720645,0.05762911,0.038916193,0.033467058,0
0.04328043,0.05901838,0.039328532,0.033567881,0
0.041106073,0.057086091,0.042659317,0.034694146,0
0.040101851,0.056001301,0.069352428,0.035150333,0
0.045814608,0.060852235,0.125750398,0.030673883,0
0.057122538,0.076770867,0.038677533,0.045089172,0
0.022626828,0.033706774,0.064528033,0.018675456,0
0.069017309,0.086486506,0.018709663,0.054865706,0
0.038430325,0.051494153,0.053681002,0.030753062,0
0.042647952,0.056856818,0.051215366,0.036126839,0
0.043137699,0.058035525,0.044840512,0.035513266,0
0.043144049,0.058699638,0.0440747,0.034433731,0
0.041399788,0.059593153,0.038693401,0.031441828,0
0.030569383,0.050245388,0.040483631,0.034389211,0
0.044911772,0.059989737,0.043359769,0.035266476,0
0.042079187,0.056381299,0.043307913,0.034278038,0
0.040367849,0.055247104,0.043769021,0.036334285,0
0.042560668,0.059637746,0.031190838,0.032691052,0
0.042515333,0.058444006,0.043311935,0.035688748,0
0.040345362,0.05758688,0.040616907,0.034812577,0
0.041302806,0.056617387,0.042445989,0.03506156,0
0.040220165,0.056493943,0.042125446,0.03448092,0
0.038942566,0.056311514,0.041627633,0.035396196,0
0.041424051,0.058793335,0.042846453,0.034432515,0
0.042027937,0.057624457,0.042023519,0.036333723,0
0.04230513,0.059160252,0.042178309,0.03736987,0
0.041022861,0.058006474,0.041377741,0.035115945,0
0.039852832,0.054900178,0.043621069,0.036955467,0
0.042017345,0.058419101,0.039276214,0.033493427,0
0.042460303,0.058126528,0.042322994,0.034824455,0
0.040167613,0.056421078,0.043437623,0.034766234,0
0.039973166,0.056083618,0.041151262,0.035546232,0
0.041231759,0.059576264,0.040712225,0.034171342,0
0.04220701,0.058105978,0.042038234,0.034456195,0
0.040666802,0.056815092,0.043001089,0.03617328,0
0.040674576,0.056302988,0.044401324,0.036826632,0
0.041492226,0.055858589,0.040920281,0.034078578,0
0.042571675,0.058905746,0.040290967,0.034021399,0
0.038915315,0.056041978,0.040899219,0.036398586,0
0.038765852,0.053721827,0.046745898,0.037532704,0
0.042995202,0.058033345,0.044922256,0.036547228,0
0.040621933,0.058029737,0.039737724,0.033423914,0
0.041482801,0.058086022,0.042195585,0.035462964,0
0.040445499,0.05620129,0.041788385,0.035559101,0
0.041140115,0.057773294,0.040953282,0.033631258,1
0.040886499,0.057030551,0.042132773,0.035005109,1
0.04175728,0.057922939,0.043972697,0.035034445,1
0.040580939,0.057192504,0.046499744,0.037366053,1
0.040219294,0.05685049,0.046443768,0.036901422,1
0.042417944,0.058747622,0.042195188,0.03564313,1
0.047423267,0.059182317,0.045944656,0.037038472,1
0.041191207,0.05810085,0.047867319,0.038059856,1
0.041247648,0.058094586,0.045144387,0.036331621,1
0.041764401,0.057358095,0.048677217,0.039156937,1
0.04028531,0.057193609,0.052059446,0.040137883,1
0.0415706,0.058882289,0.056255402,0.042764571,1
0.049705794,0.063269131,0.070042875,0.042288107,1
0.041562596,0.059181778,0.065110021,0.044654293,1
0.045744848,0.062774323,0.067279156,0.044341378,1
0.03794525,0.060896007,0.073574157,0.048762862,1
0.039315863,0.059487788,0.077185439,0.05510944,1
0.039985835,0.06295213,0.08137716,0.055781131,1
0.084924463,0.118386718,0.343778713,0.123495931,1
0.111177609,0.142681202,1.215559068,0.194864281,1
0.019016007,0.026824374,0.98030284,0.037247194,1
0.096827508,0.115934981,0.016919104,0.107608987,1
0.056613544,0.072025674,0.063026167,0.081594758,1
0.043660466,0.055272319,0.083849326,0.091486864,1
0.042927085,0.060713482,0.083495854,0.08921047,1
0.039952427,0.055593241,0.0795016,0.089277403,1
0.04074577,0.057942631,0.078475209,0.076234819,1
0.043809444,0.064413851,0.075133831,0.071088416,1
0.043681886,0.048298578,0.109235801,0.064314551,1
0.050885772,0.076207687,0.086481396,0.075874331,1
0.042641958,0.051453242,0.087748259,0.078799078,1
0.04182726,0.059189951,0.074558374,0.078785299,1
0.048920969,0.064122093,0.075070676,0.078594321,1
0.048872579,0.064710125,0.071459343,0.07833457,1
0.049080703,0.066976982,0.081393191,0.080060826,1
0.059259917,0.088306616,0.114568911,0.074516416,1
0.065427281,0.093082147,0.083020549,0.078892377,1
0.06210709,0.079654997,0.099562131,0.090488837,1
0.057779714,0.07061773,0.093812167,0.108976343,1
0.062394776,0.073918227,0.101592327,0.110606967,1
0.063866515,0.078048438,0.107280056,0.126258324,1
0.073885361,0.08673395,0.097506886,0.117297636,1
0.063527455,0.076829102,0.104177091,0.130547969,1
0.064951267,0.073777332,0.133971364,0.147701672,1
0.060368102,0.069120086,0.145991879,0.18344697,1
0.064217516,0.076790301,0.121000853,0.127487555,1
0.057424334,0.073522153,0.110094616,0.132709189,1
0.0626294,0.075469213,0.11507758,0.166373214,1
0.057950694,0.067151387,0.143625646,0.205754577,1
0.060089378,0.071198759,0.150728342,0.19318587,1
0.060106631,0.073512309,0.107982768,0.110207235,1
0.053774589,0.068091441,0.058875859,0.057050875,1
0.053187747,0.065416431,0.047444079,0.044173235,1
0.055987947,0.069725257,0.048870609,0.044207974,1
0.059060889,0.071098427,0.052052094,0.040231871,1
0.049722618,0.068037987,0.047355437,0.041866029,1
0.062540209,0.078918848,0.045108362,0.040524852,1
0.058953765,0.075840322,0.045193305,0.043871366,1
0.06545949,0.081280164,0.047033923,0.047034961,1
0.057048324,0.070687226,0.057573135,0.054535527,1
0.055744386,0.067994929,0.062227701,0.053406947,1
0.069890839,0.080821509,0.06092957,0.048069864,1
0.065228081,0.077520879,0.051757775,0.048187446,1
0.068184539,0.080534608,0.058095938,0.054169044,1
0.074167729,0.086384916,0.060220064,0.054306554,1
0.063066235,0.084225052,0.06793576,0.065363943,1
0.0835504,0.107763158,0.0699341,0.075317412,1
0.083372197,0.104146773,0.070689228,0.076350401,1
0.072770939,0.093049333,0.066179821,0.063068099,1
0.060737189,0.081081672,0.088290145,0.069076912,1
0.072365591,0.093661945,0.051021899,0.071943813,1
0.067057516,0.092258922,0.069999327,0.074878818,1
0.081626959,0.09929248,0.078864744,0.072651994,1
0.066776877,0.089387128,0.086163416,0.084564562,1
0.074985276,0.09797761,0.078781201,0.07785927,1
0.08589082,0.109009466,0.082613241,0.080195423,1
0.071235938,0.102836633,0.092235883,0.093169754,1
0.083081183,0.119147959,0.095506055,0.09201404,1
0.073069302,0.113494352,0.082920823,0.076597636,1
0.071618653,0.108382261,0.071760806,0.059470379,1
0.069408895,0.098699599,0.052499679,0.050881291,1
0.061119227,0.091063534,0.049941615,0.054762534,1
0.063971105,0.096526343,0.066035068,0.05799588,1
0.060579452,0.094834561,0.063388291,0.058134933,1
0.063175563,0.093101935,0.063267527,0.055778902,1
0.08514196,0.120365221,0.055881254,0.053178434,1
0.055242896,0.093395633,0.071244546,0.065937342,1
0.046977004,0.071902462,0.065806265,0.053913072,1
0.045309237,0.06433976,0.070254513,0.056445032,1
0.051163172,0.067753799,0.05280434,0.044727363,1
0.056711085,0.070998533,0.04744356,0.040738101,1
0.051769823,0.065780949,0.064710522,0.039820617,1
0.097101336,0.069510867,0.148972003,0.04421506,1
0.104892772,0.070533757,0.163072165,0.052072456,1
0.126194786,0.09666763,0.207209412,0.090005033,1
0.206443676,0.12586146,0.242664259,0.095485754,1
0.081592329,0.016828971,0.147987645,0.004853677,1
0.087338751,0.070668997,0.044390048,0.050448738,1
0.040575822,0.052726416,0.04107069,0.031830541,1
0.043087738,0.057645024,0.038441659,0.03516108,1
0.042807282,0.056536942,0.055441341,0.041942546,1
0.043410823,0.055728112,0.041913279,0.033960594,1
0.043582062,0.061121361,0.060013692,0.044069503,1
0.043861395,0.069806579,0.107262676,0.045219887,1
0.05859032,0.050461186,0.094537577,0.033329813,1
0.085793827,0.102912592,0.223093087,0.07914091,1
0.011140219,0.0189223,0.18963667,0.023130036,1
0.06336074,0.079850153,0.030322872,0.051890533,1
0.025831338,0.038283892,0.20671276,0.027513194,1
0.04550588,0.061121719,0.017836809,0.048858552,1
0.035784274,0.046552875,0.078123384,0.029212073,1
0.044619085,0.054144227,0.075157563,0.038576174,1
0.02292958,0.040907853,0.077241535,0.028199044,1
0.054970368,0.071465274,0.090393056,0.044632994,1
0.052143448,0.047872315,0.036289289,0.026652156,1
0.056343197,0.075197968,0.044039168,0.048397986,1
0.037434737,0.043352146,0.064922535,0.037299438,1
0.034568787,0.057068025,0.070714697,0.038995925,1
0.042192045,0.061000871,0.032692418,0.032045963,1
0.057879096,0.050862489,0.054238335,0.028835842,1
0.050494478,0.063057711,0.062292946,0.030927184,1
0.049234695,0.057710704,0.209378724,0.033392984,1
0.064816271,0.06365363,0.251153037,0.045296603,1
0.028557776,0.058923111,0.02224273,0.035701294,1
0.042566037,0.058205992,0.05735173,0.033700064,1
0.042403987,0.057184379,0.053971028,0.039146268,1
0.05838502,0.060117171,0.149692131,0.028100653,1
0.049034161,0.062060274,0.025175822,0.031348836,1
0.098325688,0.06661439,0.095380738,0.046214994,1
0.060430839,0.0737938,0.022900833,0.047340709,1
0.04615264,0.06106782,0.048059833,0.030284002,1
0.043183233,0.053356413,0.040956667,0.030913436,1
0.032922535,0.053908158,0.047348876,0.034849908,1
0.042128475,0.050849453,0.050828398,0.035437173,1
0.036886476,0.057339791,0.0354445,0.035054998,1
0.040839502,0.05745117,0.042916767,0.035123401,1
0.042202382,0.054647017,0.042777995,0.032974627,1
0.040812716,0.056950262,0.042271295,0.037586809,1
0.042808588,0.055438076,0.042118742,0.036503854,1
0.041320442,0.055912788,0.038041516,0.03406457,1
0.040991147,0.059017371,0.039752894,0.033686903,1
0.039717663,0.053322883,0.043528471,0.037134281,1
0.044659968,0.05753058,0.039755834,0.031693758,1
0.040700181,0.054932865,0.043278479,0.036131398,1
0.037114363,0.054215602,0.041491077,0.035289172,1
0.040404859,0.056737111,0.042904102,0.036636635,1
0.04195527,0.059929525,0.042627975,0.036085478,1
0.042334901,0.058928688,0.035300137,0.031437722,1
0.041931166,0.055249778,0.044447826,0.034491253,1
0.047583503,0.05372617,0.050862122,0.038561947,1
0.038022817,0.054014179,0.040786898,0.036536879,1
0.037809975,0.055835864,0.045066046,0.03906641,1
0.038404996,0.055888646,0.043020297,0.034612558,1
0.040215695,0.056387578,0.03653892,0.031608084,1
0.042382029,0.055756006,0.061854397,0.038064875,1
0.043586137,0.067786081,0.094267981,0.030435529,1
0.084897223,0.113247649,0.053411149,0.081373122,1
0.053083383,0.069460957,0.122530455,0.032439946,1
0.096924375,0.189636516,0.092666561,0.063002908,1
0.082761881,0.209841752,0.110521561,0.065919159,1
0.040383359,0.054734285,0.042807763,0.035470856,0
0.040944211,0.056100253,0.040781763,0.034044808,0
0.041224856,0.055362909,0.042136216,0.035054183,0
0.039261952,0.054924839,0.041077281,0.035568617,0
0.040374807,0.057343325,0.03663811,0.031685596,0
0.041290615,0.056432094,0.040221048,0.034336214,0
0.038938993,0.05375682,0.042520747,0.035644577,0
0.040370405,0.053695538,0.043946747,0.036533421,0
0.044754072,0.058641143,0.040229728,0.033921202,0
0.041512879,0.057269832,0.040338218,0.03403821,0
0.041086299,0.056479619,0.040041899,0.033771973,0
0.044624717,0.059327323,0.038397243,0.032629703,0
0.039739061,0.054855598,0.042923867,0.035151659,0
0.041365376,0.056927122,0.040778925,0.033976433,0
0.041035753,0.055648609,0.043618389,0.036341447,0
0.038700763,0.054120125,0.042339244,0.035841384,0
0.043444552,0.057899944,0.039145081,0.032743494,0
0.041123616,0.054866792,0.043490667,0.0356988,0
0.043747841,0.057774028,0.045037707,0.037208651,0
0.040170323,0.055438122,0.043750203,0.035530288,0
0.040530186,0.055856966,0.038136603,0.033348374,0
0.041525239,0.056564925,0.040106571,0.034283351,0
0.042338529,0.056805981,0.040823096,0.034057873,0
0.04188393,0.057158462,0.040610743,0.033869376,0
0.040688285,0.056169599,0.041265454,0.034061849,0
0.041787261,0.055628022,0.041113193,0.033288019,0
0.040682291,0.054575629,0.043254395,0.036022801,0
0.041037811,0.055526501,0.042561673,0.034662082,0
0.040861605,0.056291822,0.040194879,0.034095091,0
0.041400325,0.056819783,0.038857993,0.033676786,0
0.041542703,0.056838639,0.038888698,0.033299574,0
0.039835915,0.055203529,0.041107931,0.035310494,0
0.041398138,0.055799361,0.041648393,0.034646776,0
0.039183122,0.055118166,0.040706081,0.033446268,0
0.041672344,0.055587379,0.042229378,0.035316876,0
0.042764977,0.057783444,0.042324141,0.03401124,0
0.040890201,0.055953575,0.043145186,0.035475663,0
0.041500803,0.056305876,0.04120709,0.034428458,0
0.04091345,0.055117335,0.042252202,0.035456547,0
0.039510961,0.055642586,0.041981288,0.035015993,0
0.041576629,0.056422583,0.041760274,0.034440041,0
0.043781985,0.058113388,0.039592491,0.032818472,0
0.039966909,0.054226346,0.042163353,0.035655663,0
0.042855291,0.055768572,0.04420427,0.035613018,0
0.042195719,0.058046471,0.039415705,0.03363774,0
0.039948844,0.053959459,0.044705601,0.036997863,0
0.03819291,0.053752523,0.042106448,0.03624722,0
0.039851467,0.056204142,0.038585579,0.032345643,0
0.041739743,0.057248011,0.040875751,0.03308765,0
0.043311183,0.058263466,0.037457422,0.031355221,0
0.042242216,0.055308804,0.043299089,0.035202548,0
0.043519868,0.057229197,0.042430739,0.03557128,0
0.042211405,0.057845626,0.039077852,0.033136483,0
0.040737285,0.056400282,0.040068826,0.032898707,0
0.042790639,0.057450832,0.039041325,0.033316602,0
0.041796864,0.056530718,0.042671502,0.035902552,0
0.042005832,0.055764141,0.041258002,0.034332512,0
0.043526214,0.058625616,0.039857985,0.032643519,0
0.042886783,0.057888574,0.04062788,0.033944693,0
0.040999135,0.054767791,0.043783023,0.037125146,0
0.038859399,0.054268491,0.042910882,0.037125772,0
0.03968821,0.054305882,0.042708213,0.035638306,0
0.040619587,0.054297062,0.042956649,0.035408291,0
0.043969962,0.057464418,0.041671005,0.034422286,0
0.043742283,0.057510508,0.041868251,0.034469176,0
0.043032281,0.058435741,0.042794117,0.035295133,0
0.041347451,0.056047867,0.042080763,0.035597822,0
0.04012959,0.055157336,0.042880343,0.035902043,0
0.043094815,0.057806306,0.043013813,0.034536542,0
0.041844478,0.056219766,0.04091453,0.034404532,0
0.038821343,0.053132596,0.042690313,0.03697023,0
0.041458189,0.05576782,0.041693887,0.034498811,0
0.044758344,0.05772857,0.042677877,0.035368693,0
0.042516122,0.056949388,0.042079258,0.03513221,0
0.043329539,0.058319253,0.037689984,0.031877678,0
0.040862217,0.05511755,0.043376974,0.035269118,0
0.041610518,0.057237251,0.040666393,0.032858946,0
0.041767996,0.056870347,0.040055004,0.033906775,0
0.041814972,0.054913061,0.041381734,0.035017157,0
0.043407338,0.05605122,0.042752109,0.035117582,0
0.043294257,0.057182992,0.039819994,0.033577846,0
0.039888758,0.055508763,0.041200655,0.034294575,0
0.040430831,0.05463576,0.044004733,0.036463192,0
0.039915245,0.054195378,0.040914923,0.035633555,0
0.041127833,0.054844624,0.041711112,0.03590993,0
0.040784084,0.055192677,0.043409526,0.036262483,0
0.039957682,0.05437596,0.040494215,0.034517265,0
0.039641338,0.055180645,0.040801977,0.034687139,0
0.041752837,0.056083702,0.04283484,0.035434262,0
0.041146209,0.055348628,0.042926318,0.036021436,0
0.042651555,0.057671973,0.041709414,0.034681269,0
0.041494775,0.055559453,0.043614466,0.036160009,0
0.040618687,0.05547196,0.040515732,0.033858608,0
0.040908447,0.055788816,0.042577474,0.034855873,0
0.040182598,0.055466992,0.041437664,0.034792837,0
0.041693866,0.056645807,0.040031475,0.033834849,0
0.042140502,0.058249584,0.039239843,0.033299487,0
0.040623569,0.055472468,0.040379803,0.034682346,0
0.041687812,0.05626891,0.042740467,0.035244249,0
0.041956983,0.055238554,0.041426006,0.034666112,0
0.041285604,0.056390642,0.042054577,0.034363004,0
0.041663553,0.055643873,0.042722102,0.0351855,0
0.040826732,0.05552631,0.043389663,0.035996567,0
0.042590774,0.05689096,0.041400261,0.034597556,0
0.038829256,0.054764102,0.040071932,0.034509979,0
0.043226988,0.055694607,0.043872312,0.035095511,0
0.042600982,0.056065617,0.043263011,0.035351177,0
0.039836378,0.056059668,0.040526519,0.033614641,0
0.042944222,0.056532223,0.040031642,0.034529461,0
0.042111478,0.056950529,0.044187112,0.035707586,0
0.039656316,0.055084717,0.038409659,0.03304304,0
0.045217537,0.056917718,0.043033418,0.03671103,0
0.037779179,0.052146457,0.038578822,0.032869572,0
0.040293149,0.057344095,0.044165454,0.035906732,0
0.041551688,0.058920283,0.043209891,0.036143864,0
0.044020506,0.057327185,0.042615711,0.034971859,0
0.04213686,0.057397123,0.039493613,0.033017663,0
0.043797719,0.058034399,0.03972827,0.033621116,0
0.044856767,0.058446326,0.042593302,0.034658196,0
0.041694391,0.056588052,0.041524808,0.035173392,0
0.038955969,0.053724582,0.040914527,0.035115295,0
0.039989626,0.055686167,0.04076766,0.033816808,0
0.040156259,0.054780238,0.040284027,0.03384974,0
0.040599916,0.054918067,0.043066364,0.034342995,0
0.040857659,0.055742547,0.041190333,0.034685392,0
0.040373015,0.055713779,0.03986631,0.034117471,0
0.042171172,0.056286684,0.041016383,0.033891035,0
0.04078671,0.056015555,0.041399796,0.034825351,0
0.03992693,0.055929459,0.040976586,0.03453886,0
0.04087582,0.055909409,0.040482627,0.033989798,0
0.040887632,0.055441319,0.040107293,0.03440523,0
0.0415197,0.055975194,0.039806015,0.033527622,0
0.042517587,0.057817769,0.043527815,0.035807953,0
0.040345555,0.054350647,0.040491928,0.033987137,0
0.040162321,0.054327741,0.041840755,0.035176348,0
0.042686474,0.055767989,0.044937255,0.036752,0
0.041624686,0.057195913,0.042557747,0.034394256,0
0.040835122,0.05648732,0.04125605,0.034655159,0
0.041950865,0.056573226,0.040835121,0.034358121,0
0.041790925,0.056818122,0.040238251,0.034138139,0
0.041983104,0.056662245,0.04209359,0.035346499,0
0.041696523,0.056441681,0.040559431,0.033406554,0
0.037438389,0.051996749,0.040568123,0.03376213,1
0.040983577,0.055151324,0.03982445,0.033615692,1
0.041718092,0.057010641,0.040593198,0.03417677,1
0.045193908,0.058356728,0.04222707,0.035845652,1
0.046380819,0.059237273,0.043016621,0.035417706,1
0.04910116,0.061147403,0.041006362,0.034763021,1
0.05146128,0.062279152,0.041464095,0.035425321,1
0.048435942,0.060898468,0.042847986,0.036190702,1
0.047458501,0.060436845,0.043605362,0.036471442,1
0.047549323,0.060398529,0.040890799,0.036430655,1
0.050554114,0.06141953,0.042185515,0.035800964,1
0.05016955,0.063204676,0.042515432,0.036053127,1
0.051095681,0.063209678,0.041981848,0.036399049,1
0.05148021,0.062495551,0.044112817,0.036740267,1
0.048316752,0.060237406,0.045032596,0.0375721,1
0.045675733,0.060019525,0.043566369,0.035398512,1
0.045947705,0.059584162,0.045587432,0.036277262,1
0.046403452,0.059501695,0.05188623,0.040205884,1
0.045257701,0.059244122,0.05054943,0.039497106,1
0.057388096,0.0621722,0.069727082,0.039756589,1
0.083359757,0.059096607,0.147804205,0.047844396,1
0.114175322,0.048302084,0.139996265,0.049145735,1
0.040410299,0.066984339,0.054207268,0.047257284,1
0.040737853,0.067005498,0.07402137,0.054298163,1
0.049352515,0.064010456,0.08368347,0.055294187,1
0.051822918,0.066060976,0.087690313,0.056716223,1
0.053643782,0.067311414,0.085419745,0.057353962,1
0.053054681,0.070662564,0.082839407,0.055825716,1
0.057938199,0.069385301,0.082854843,0.057449609,1
0.062011268,0.072150847,0.08061547,0.058004962,1
0.061883475,0.071596245,0.073365838,0.054941021,1
0.055318821,0.066353074,0.069243518,0.05100163,1
0.057512409,0.066701905,0.068843704,0.051242877,1
0.058602983,0.069605568,0.062814593,0.048246769,1
0.054877193,0.067244129,0.059230739,0.045412977,1
0.052789169,0.065457709,0.055712965,0.042928906,1
0.057212746,0.067918561,0.060135194,0.058161171,1
0.05261946,0.064605534,0.054672138,0.08080984,1
0.055080887,0.069185559,0.055362787,0.035684037,1
0.055381681,0.070294631,0.065406091,0.049149445,1
0.058837906,0.07224568,0.067032221,0.051247544,1
0.057141292,0.068574548,0.06131239,0.049692085,1
0.055384928,0.070555449,0.060371148,0.047692006,1
0.059255376,0.071994464,0.059647789,0.046239555,1
0.077606431,0.068856082,0.059588497,0.04733157,1
0.114209682,0.065865023,0.060473471,0.044453394,1
0.102991993,0.068632447,0.06248807,0.044430783,1
0.029744683,0.06969662,0.059320123,0.04660341,1
0.052130768,0.067635933,0.058403882,0.046873562,1
0.056670293,0.066074982,0.057988337,0.044849158,1
0.051717951,0.066862249,0.055216746,0.041885446,1
0.050054547,0.063493224,0.058330398,0.046839297,1
0.052712841,0.065286018,0.059014294,0.047679396,1
0.052310394,0.066599948,0.059604024,0.045961031,1
0.055410284,0.068406884,0.05349591,0.044806823,1
0.057879524,0.07045433,0.057621284,0.049686505,1
0.055387509,0.068209586,0.063409941,0.044970171,1
0.048651622,0.06460291,0.056260301,0.040334498,1
0.051150634,0.067248622,0.052942798,0.047191483,1
0.05035105,0.066824165,0.060144247,0.045414649,1
0.061611177,0.077897543,0.048774983,0.044407062,1
0.05505991,0.069391683,0.060550146,0.049942293,1
0.052000657,0.065723674,0.064789533,0.067167531,1
0.051963374,0.071526809,0.062206089,0.052054317,1
0.051809652,0.06399701,0.062675582,0.056079624,1
0.054758086,0.062022985,0.071080929,0.066336073,1
0.045764034,0.056637871,0.078193975,0.059197077,1
0.044811154,0.06500432,0.043439396,0.037543995,1
0.048378982,0.059976351,0.053451287,0.035868065,1
0.044326623,0.060797771,0.039147928,0.044690927,1
0.052682404,0.07006395,0.044480359,0.044894298,1
0.048724177,0.063492484,0.056300849,0.031628739,1
0.08174991,0.111328781,0.042664363,0.03780675,1
0.110869546,0.151358753,0.045509026,0.035711872,1
0.11449576,0.084840553,0.0405662,0.028999155,1
0.036287982,0.080232803,0.040846301,0.036848326,1
0.045502174,0.091617832,0.059680781,0.040571362,1
0.075235344,0.105663884,0.0369382,0.035937893,1
0.060208415,0.054767806,0.040731377,0.037877209,1
0.03964938,0.064261853,0.039672344,0.038237704,1
0.04608801,0.055965327,0.037770916,0.03233599,1
0.03838287,0.055932204,0.035297275,0.029610351,1
0.046548422,0.062078311,0.041946641,0.034142887,1
0.075271019,0.093776194,0.040949874,0.036668506,1
0.035174876,0.091844268,0.038698065,0.033022459,1
0.033274623,0.072415732,0.046855133,0.036210746,1
0.040043136,0.057569069,0.040150842,0.034278634,1
0.042207909,0.053006343,0.041804557,0.035185909,1
0.040825809,0.057704653,0.04538046,0.037291152,1
0.04486969,0.061234453,0.044232288,0.034945826,1
0.048157587,0.0604018,0.043098248,0.036581978,1
0.039940506,0.076956304,0.038032857,0.033844781,1
0.049122217,0.060010454,0.04236343,0.034179488,1
0.044241841,0.060197921,0.040596773,0.037573165,1
0.043645029,0.060078603,0.037511294,0.031062441,1
0.043592725,0.053602131,0.045756114,0.037592906,1
0.039809588,0.054069108,0.041022412,0.034989341,1
0.040106733,0.054064553,0.042420072,0.037770371,1
0.03697838,0.055838012,0.040638469,0.037367201,1
0.042752159,0.057082719,0.038362725,0.030459917,1
0.046336843,0.058271977,0.037603828,0.030657859,1
0.045530263,0.053477384,0.040938428,0.037179096,1
0.049488829,0.059236316,0.04272571,0.033942851,1
0.039787689,0.053005541,0.041952062,0.038058352,1
0.03990138,0.057015259,0.049013048,0.034809138,1
0.039562299,0.054015857,0.04360745,0.038553505,1
0.042077924,0.051976472,0.045555807,0.036893011,1
0.044973595,0.056364514,0.040291089,0.037193663,1
0.040815906,0.058087489,0.036682455,0.033309736,1
0.060358187,0.057450851,0.044532431,0.036239109,1
0.033760174,0.056668875,0.048243513,0.03718963,1
0.03916187,0.057653264,0.039091247,0.033227543,1
0.041010063,0.056101031,0.042104322,0.035932828,1
0.04214761,0.057443517,0.049310526,0.035362095,1
0.042324899,0.063228981,0.033386671,0.031932428,1
0.048573948,0.058064972,0.036955837,0.032159677,1
0.043720074,0.058682451,0.033720731,0.031495869,1
0.030447609,0.048427497,0.056644087,0.040005285,1
0.039928018,0.056177249,0.045498132,0.03494376,1
0.049306839,0.060795685,0.041414871,0.034406999,1
0.059093401,0.059167104,0.049658875,0.043740687,1
0.076812155,0.064939179,0.09693903,0.068536145,1
0.093274278,0.062522793,0.073689611,0.091875472,1
0.060860438,0.104413538,0.033483605,0.046235237,1
0.084880943,0.158946605,0.060629415,0.184093572,1
0.252677543,0.220933732,0.081154177,0.326186604,1
0.102358114,0.082635658,0.069425826,0.095744759,1
0.051225407,0.063273017,0.051253409,0.036801002,1
0.041061717,0.055962219,0.040787269,0.034298594,1
0.041049561,0.055943659,0.040774999,0.034283452,1
0.041049561,0.055943659,0.040774999,0.034283452,1
0.041049561,0.055943659,0.040774999,0.034283452,1
0.041049561,0.055943659,0.040774999,0.034283452,1
0.041049561,0.055943659,0.040774999,0.034283452,1
0.041049561,0.055943659,0.040774999,0.034283452,1
0.041049561,0.055943659,0.040774999,0.034283452,1
0.041049561,0.055943659,0.040774999,0.034283452,1
0.041049561,0.055943659,0.040774999,0.034283452,1
0.041049561,0.055943659,0.040774999,0.034283452,1
0.041049561,0.055943659,0.040774999,0.034283452,1
0.041049561,0.055943659,0.040774999,0.034283452,1
0.041049561,0.055943659,0.040774999,0.034283452,1
0.041049561,0.055943659,0.040774999,0.034283452,1
0.041049561,0.055943659,0.040774999,0.034283452,1
0.041049561,0.055943659,0.040774999,0.034283452,1
0.041049561,0.055943659,0.040774999,0.034283452,1
0.041049561,0.055943659,0.040774999,0.034283452,1
0.041049561,0.055943659,0.040774999,0.034283452,1
0.041049561,0.055943659,0.040774999,0.034283452,1
0.041049561,0.055943659,0.040774999,0.034283452,1
0.041049561,0.055943659,0.040774999,0.034283452,1
0.041049561,0.055943659,0.040774999,0.034283452,1
0.041049561,0.055943659,0.040774999,0.034283452,1
0.041049561,0.055943659,0.040774999,0.034283452,1
0.041049561,0.055943659,0.040774999,0.034283452,1
0.040812243,0.05750523,0.03974968,0.034729534,0
0.040912159,0.057690814,0.040991334,0.035439246,0
0.041690528,0.057442612,0.040273645,0.035798071,0
0.039692803,0.054827211,0.042246142,0.036825113,0
0.040957827,0.056710996,0.040836654,0.035558287,0
0.042651059,0.058535343,0.040192382,0.035382387,0
0.043059491,0.058324394,0.039565641,0.03495429,0
0.042346506,0.057641043,0.039943641,0.035303265,0
0.040413891,0.056373796,0.040964227,0.036715725,0
0.040008345,0.056105209,0.044203431,0.037493779,0
0.041175875,0.056829705,0.044068146,0.037028246,0
0.043284867,0.059159468,0.037766997,0.03269642,0
0.041745224,0.056540465,0.042748511,0.036736154,0
0.049076537,0.060311916,0.045343771,0.040429116,0
0.042894446,0.058988674,0.0400993,0.035520346,0
0.04292971,0.058488178,0.041216654,0.03554058,0
0.042162898,0.057434757,0.042458836,0.036114192,0
0.043744816,0.060994089,0.03730622,0.033196217,0
0.040853818,0.056831255,0.041799966,0.036195039,0
0.039354247,0.056224325,0.039548003,0.034553447,0
0.041564431,0.057866838,0.037874341,0.034468543,0
0.04018403,0.055793818,0.042323089,0.036238509,0
0.041762515,0.05582313,0.044118266,0.037474055,0
0.041503209,0.055803568,0.045109559,0.036600165,0
0.043391901,0.059122636,0.039615036,0.034463917,0
0.041816697,0.057855022,0.042172522,0.036770744,0
0.042529238,0.058896755,0.037701738,0.033457887,0
0.040810196,0.057315657,0.039066396,0.034813381,0
0.041280378,0.057294852,0.041295514,0.035249637,0
0.04218532,0.057177227,0.040544732,0.035263251,0
0.04159969,0.056806104,0.041158961,0.035389293,0
0.04167294,0.056973266,0.043169272,0.03648334,0
0.040477346,0.055316116,0.046776415,0.038718112,0
0.042010017,0.055860848,0.047406492,0.040838933,0
0.041047405,0.056198474,0.047704889,0.038511738,0
0.041264566,0.056883926,0.042447809,0.037032809,0
0.045942539,0.06157345,0.039069805,0.034095769,0
0.041703722,0.05778827,0.041446329,0.035974974,0
0.039608827,0.05627929,0.04114468,0.036008958,0
0.041292603,0.058001269,0.039326792,0.03472576,0
0.043793124,0.058895616,0.040403794,0.035612922,0
0.042902942,0.057631562,0.041799177,0.036020648,0
0.040183517,0.055287501,0.04081517,0.036496619,0
0.041930641,0.057529807,0.041459269,0.034950391,0
0.044206398,0.060104482,0.040288875,0.034818369,0
0.042262224,0.057916862,0.03944363,0.035319084,0
0.041810338,0.057592528,0.038508934,0.034471218,0
0.043111522,0.059435042,0.039889738,0.034719419,0
0.044515562,0.058666178,0.039768214,0.034928432,0
0.037760594,0.053522783,0.046399722,0.03839789,0
0.041706916,0.057646219,0.039822658,0.034950566,0
0.041809205,0.057920144,0.039441592,0.033968634,0
0.040414631,0.058123482,0.039107528,0.034739581,0
0.043518054,0.057144684,0.041929098,0.03528276,0
0.042978623,0.056932899,0.045040625,0.036622317,0
0.041600666,0.056422828,0.039779862,0.035336038,0
0.041748273,0.056495494,0.042474654,0.036599251,0
0.04161158,0.056718051,0.041417593,0.036018928,0
0.039706307,0.05605023,0.041135041,0.035269141,0
0.038993356,0.055504484,0.043785638,0.036906083,0
0.041135276,0.056284255,0.043020018,0.036430807,0
0.042267723,0.056844409,0.042822052,0.035759205,0
0.04199758,0.05765098,0.041674295,0.035797098,0
0.043837488,0.057968968,0.03959104,0.035108647,0
0.042190323,0.057615715,0.038422251,0.035158379,0
0.042285186,0.056792398,0.040057776,0.034539923,0
0.038966128,0.05446954,0.042596043,0.035820037,0
0.039403687,0.055126377,0.043042116,0.03633019,0
0.04153637,0.057529589,0.04042508,0.03490124,0
0.039769431,0.0554454,0.041621266,0.036902298,0
0.042030246,0.057530772,0.040330618,0.035304391,0
0.040311197,0.05581345,0.039779697,0.035641502,0
0.040063312,0.056132761,0.040667238,0.035103897,0
0.042630999,0.057750341,0.040876846,0.035368182,0
0.040693654,0.056267438,0.042477807,0.035805015,0
0.038987639,0.05684291,0.040749492,0.035468645,0
0.041046795,0.056638127,0.041475983,0.035737949,0
0.041913492,0.057372798,0.041242504,0.036129687,0
0.039622284,0.055296373,0.044166102,0.036473531,0
0.04055955,0.056083376,0.042987626,0.035839105,0
0.038391661,0.054357029,0.044178135,0.036775998,0
0.042312359,0.056827324,0.042300215,0.035315218,0
0.042491579,0.057851104,0.040883117,0.035694398,0
0.0419796,0.057867849,0.040048947,0.034984108,0
0.040347174,0.056015082,0.044058276,0.036704331,0
0.044069974,0.059695242,0.038744242,0.03408436,0
0.040625198,0.056302654,0.043674679,0.036713305,0
0.041597727,0.056553155,0.040071317,0.035015162,0
0.042983112,0.057735404,0.040536604,0.034800526,0
0.042621888,0.057524858,0.040441626,0.035002,0
0.043910285,0.059081946,0.040565509,0.034847137,0
0.042061015,0.057308565,0.043014231,0.036315959,0
0.04374489,0.059350366,0.039671717,0.033606276,0
0.040735301,0.055239484,0.041645877,0.036120018,0
0.041246718,0.05689187,0.042336253,0.036607372,0
0.043355722,0.058343227,0.039602319,0.034678274,0
0.041099642,0.055414718,0.046756452,0.038188804,0
0.039798709,0.05462551,0.043199862,0.036570205,0
0.044326866,0.058887939,0.041845004,0.035342334,0
0.037778247,0.054129706,0.046812337,0.038457397,0
0.044055287,0.059499333,0.040279222,0.033388069,0
0.040729816,0.054528283,0.048723597,0.038606031,0
0.041196033,0.056277214,0.044514947,0.037321531,0
0.03990217,0.054189148,0.045938622,0.037902971,0
0.040944202,0.057010946,0.040406671,0.035132634,0
0.042051294,0.056295315,0.041506398,0.035638416,0
0.04179565,0.057276786,0.039842043,0.034924723,0
0.044536954,0.058570617,0.039839384,0.034530237,0
0.041445024,0.057418465,0.041001914,0.035518564,0
0.040224819,0.055566187,0.04425824,0.036963421,0
0.041529027,0.056274055,0.044023176,0.037053034,0
0.040008896,0.056454934,0.042701237,0.036069708,0
0.045370334,0.059572503,0.039663596,0.034898272,0
0.040433075,0.056372968,0.039873491,0.034718814,0
0.036233593,0.053269859,0.043454648,0.0361444,0
0.041611841,0.057047408,0.044461026,0.037108246,0
0.042877879,0.055675557,0.042385337,0.036325319,0
0.0431369,0.059621357,0.037631084,0.033483189,0
0.041669769,0.057498592,0.039955975,0.035044724,0
0.041431399,0.056643153,0.040272742,0.034718753,0
0.041423514,0.056617922,0.042524065,0.036569834,0
0.041354296,0.05644164,0.043768039,0.036922303,0
0.039924033,0.056959374,0.040059874,0.034975566,0
0.041875411,0.057524024,0.040006994,0.03434561,0
0.042456944,0.057496116,0.038343477,0.034286334,0
0.042012593,0.057853154,0.040442736,0.034753422,0
0.043033119,0.058126717,0.042679772,0.035859843,0
0.040086094,0.05488379,0.041885229,0.036538787,0
0.041236168,0.055092174,0.044207048,0.037297065,0
0.041471548,0.056265473,0.044186425,0.037061312,0
0.042292595,0.058011245,0.040711585,0.034088606,0
0.041165389,0.056653636,0.042898581,0.03627028,0
0.041851246,0.057455153,0.042063665,0.035660967,0
0.04122646,0.057826631,0.039751897,0.034617039,0
0.040199731,0.057006711,0.044682364,0.036983254,0
0.041855275,0.057060011,0.042305736,0.035267847,0
0.043453541,0.057806029,0.039896609,0.034219473,0
0.040248554,0.055243673,0.045103059,0.037576813,0
0.041173939,0.056793823,0.042315319,0.036215831,0
0.041747217,0.057332124,0.041227505,0.03632433,0
0.04145797,0.056955213,0.042567968,0.036333549,0
0.041975116,0.057579666,0.042478189,0.036339834,0
0.039839494,0.055998665,0.041905041,0.036098077,0
0.041592591,0.056175885,0.041279828,0.036169957,0
0.040653719,0.055303173,0.040617326,0.035610828,0
0.041051262,0.056136436,0.043480237,0.036626778,0
0.040531699,0.057012792,0.042456854,0.036437583,0
0.040917847,0.056320523,0.040600371,0.0358403,0
0.04104447,0.056158816,0.043519031,0.036619873,0
0.043120826,0.05623053,0.039945025,0.035186149,0
0.040807777,0.056377514,0.042697255,0.036022206,0
0.041726801,0.056675095,0.042901703,0.03725589,0
0.041384885,0.055652721,0.041160741,0.036652166,0
0.041360134,0.056388815,0.041876841,0.035115097,0
0.041043942,0.056308691,0.043088521,0.036667763,0
0.04102645,0.056401855,0.043747914,0.037296698,0
0.041196919,0.055550309,0.045200088,0.037449362,0
0.040008831,0.056480829,0.042731011,0.036693773,0
0.041836355,0.057438083,0.040545436,0.035057546,0
0.039889736,0.055527545,0.043504285,0.03689336,0
0.042868467,0.058226646,0.042483402,0.035836859,0
0.042401468,0.057018561,0.041557672,0.036238534,0
0.042607729,0.057710261,0.041955575,0.035810498,0
0.045131696,0.059908809,0.042202905,0.035323709,0
0.03508736,0.052410024,0.045966708,0.036968285,1
0.042071272,0.055837438,0.045141132,0.037092542,1
0.040495945,0.05531555,0.043596075,0.036642821,1
0.049249724,0.061827768,0.03875258,0.034635808,1
0.056348104,0.067161864,0.046665244,0.039663058,1
0.059412307,0.066029444,0.045717862,0.03792184,1
0.056824889,0.05892218,0.044695843,0.041661526,1
0.081989278,0.068527119,0.046254858,0.035827035,1
0.065825292,0.059647134,0.035663239,0.033124255,1
0.042955809,0.061454564,0.054560248,0.045535825,1
0.074224965,0.067041081,0.046374498,0.041288254,1
0.063973044,0.06413072,0.052095039,0.041085794,1
0.067015757,0.066050096,0.046380841,0.039452629,1
0.065782856,0.057364872,0.050565995,0.039608914,1
0.066955333,0.06820156,0.05462793,0.046883963,1
0.050273907,0.059150677,0.070203956,0.065298438,1
0.044781399,0.063898757,0.063768896,0.068554985,1
0.042326212,0.062626282,0.077754958,0.061781726,1
0.043772836,0.063191689,0.077217831,0.055463731,1
0.046090745,0.066656392,0.078619323,0.060207907,1
0.048459892,0.068476517,0.084850183,0.064166513,1
0.057478355,0.078323115,0.083276152,0.06736103,1
0.071342264,0.091658922,0.081243163,0.070717652,1
0.068731308,0.104248172,0.075437715,0.074443249,1
0.075317726,0.119904662,0.064908621,0.085856548,1
0.076329487,0.116984855,0.070511698,0.09572756,1
0.077853591,0.115865963,0.070632038,0.124059585,1
0.076096175,0.110624157,0.056324154,0.124753893,1
0.069895346,0.103524425,0.065156092,0.138142047,1
0.07121822,0.109441169,0.07069103,0.124908046,1
0.071883137,0.10690506,0.0631208,0.094822853,1
0.066189458,0.100436859,0.064823663,0.087802844,1
0.067172668,0.098686063,0.068044384,0.084636529,1
0.063119608,0.097959753,0.060800801,0.083878673,1
0.067623572,0.099671669,0.068369063,0.091957578,1
0.066598084,0.096600635,0.06689038,0.089563584,1
0.057458929,0.083100083,0.063159315,0.076537352,1
0.05645194,0.081777629,0.065605215,0.094999322,1
0.057026508,0.087947874,0.075629825,0.10835912,1
0.057486629,0.08280539,0.0790612,0.098086341,1
0.060032267,0.087544134,0.073849723,0.122528339,1
0.063393449,0.092839337,0.070036654,0.121931572,1
0.054244921,0.085205604,0.068195824,0.099664686,1
0.055577846,0.079813463,0.068076257,0.089860835,1
0.051780194,0.07157016,0.06167061,0.073132664,1
0.048145372,0.067234929,0.056321896,0.059655887,1
0.050978472,0.069737072,0.047361648,0.043949345,1
0.052311535,0.069817692,0.053517617,0.050563252,1
0.045717417,0.063174596,0.057938051,0.053933863,1
0.049188893,0.067158526,0.05253469,0.047283169,1
0.051208139,0.065897039,0.057332701,0.053511141,1
0.055583461,0.072746561,0.054004137,0.050823432,1
0.052037338,0.067923415,0.056863213,0.05346889,1
0.055163874,0.07231819,0.061696848,0.055423121,1
0.055686422,0.066211412,0.065921957,0.057945701,1
0.051488604,0.063068596,0.068205989,0.059909176,1
0.058327832,0.06938175,0.057186861,0.052975397,1
0.056628714,0.070330683,0.05869751,0.055168247,1
0.060005564,0.079674952,0.054663712,0.04960597,1
0.057005819,0.077337957,0.057212655,0.063906016,1
0.050938595,0.07350874,0.060196168,0.078591189,1
0.052313521,0.071521457,0.077283069,0.088004234,1
0.055480068,0.074845715,0.096119699,0.133925792,1
0.054010158,0.075435431,0.094054686,0.144375458,1
0.059123777,0.08400249,0.087482717,0.159386404,1
0.063211061,0.094513579,0.085354332,0.197733989,1
0.055629035,0.092610648,0.075786669,0.157910504,1
0.05309657,0.079445639,0.096959941,0.131659784,1
0.052296826,0.073888246,0.107318457,0.125443196,1
0.04952207,0.070953927,0.082809045,0.079565405,1
0.049211137,0.072428552,0.055412467,0.051259793,1
0.057807701,0.074028927,0.052888062,0.043879069,1
0.056441621,0.061712591,0.049340383,0.04076276,1
0.075431569,0.0578894,0.057676909,0.045911269,1
0.043633559,0.060702052,0.067293926,0.051352567,1
0.054442453,0.065953073,0.041839809,0.03457927,1
0.035126573,0.065698461,0.033960854,0.028008806,1
0.049826312,0.065048418,0.048472007,0.038312038,1
0.070797535,0.074651994,0.049140973,0.03682422,1
0.025364895,0.060233398,0.050279005,0.040698277,1
0.040002095,0.078013454,0.039291904,0.029125181,1
0.052537663,0.063453703,0.042621077,0.03613191,1
0.047114609,0.064596139,0.05646696,0.043230913,1
0.082325634,0.052587849,0.068998725,0.045186994,1
0.247428189,0.090428776,0.068997708,0.035583019,1
0.173712227,0.192521485,0.137485464,0.05897598,1
0.081412498,0.129854067,0.078574972,0.038498425,1
0.101508118,0.060798458,0.05445408,0.046381226,1
0.107274952,0.049771214,0.041479697,0.033257824,1
0.066780521,0.045317996,0.044366854,0.036110337,1
0.054737697,0.057606,0.046276777,0.036420062,1
0.103767311,0.065542155,0.046866282,0.041785096,1
0.194209624,0.075082261,0.044055557,0.039747946,1
0.225926513,0.076626033,0.028835654,0.021161438,1
0.025855578,0.059298503,0.050552062,0.042409215,1
0.049237445,0.057917408,0.041246748,0.032924922,1
0.066943712,0.058159909,0.040870212,0.036702232,1
0.058881643,0.061392166,0.047632712,0.041922268,1
0.05270504,0.05641682,0.046436668,0.035474382,1
0.075015295,0.062962972,0.046645901,0.038410965,1
0.058930937,0.065129196,0.03894293,0.037166501,1
0.038345943,0.072650005,0.048678676,0.038759279,1
0.043588317,0.068628579,0.051418389,0.046474231,1
0.03123023,0.052370348,0.078397775,0.056146124,1
0.051548865,0.068640979,0.060576838,0.052461646,1
0.049560683,0.091436019,0.035367078,0.037232651,1
0.042595238,0.074850349,0.037633939,0.04295192,1
0.047966884,0.056301448,0.055847713,0.044956529,1
0.038700584,0.084016805,0.049831596,0.039377342,1
0.035039808,0.082878155,0.037354509,0.038274377,1
0.056780236,0.078190464,0.037541299,0.032022254,1
0.057188543,0.058498206,0.047122318,0.038594532,1
0.04671705,0.074511602,0.041671927,0.045537436,1
0.061490934,0.089383494,0.046078059,0.079872277,1
0.056691722,0.111360618,0.045112812,0.162788969,1
0.09167176,0.107270277,0.049904712,0.149695053,1
0.083229955,0.079558226,0.04906784,0.080225849,1
0.029034929,0.089694743,0.040691646,0.064018821,1
0.076648565,0.070255934,0.042569957,0.042628383,1
0.110311383,0.056875569,0.034400186,0.037740035,1
0.025274448,0.063625055,0.045661341,0.043562665,1
0.050170071,0.058302946,0.04609077,0.037830974,1
0.043085658,0.062615662,0.037668392,0.036596432,1
0.040970018,0.060519086,0.040763458,0.038580486,1
0.042645256,0.061196249,0.038372567,0.033463568,1
0.039510308,0.062107892,0.036337582,0.038655493,1
0.047366241,0.061670109,0.047083537,0.03794985,1
0.041747339,0.063065925,0.039512862,0.038314246,1
0.039015275,0.066645573,0.04160409,0.04118297,1
0.04662871,0.106008289,0.040111588,0.077217516,1
0.047965932,0.156895806,0.044800333,0.173145891,1
0.06339294,0.162727264,0.054786639,0.235231994,1
0.060860335,0.147101865,0.046934945,0.215912583,1
